6405188481084,Vennie,minna_maggio@labadie-miller.org,+402657572750
9304086432082,Mathew,jeanene.kunde@lowe-wyman.biz,+5943706748900
8607286039080,Stanton,dionne_gottlieb@cronin.co,+59815770946259
9208019025188,Gerardo,abdul@koelpin.biz,+59912123681826
9705087421082,Jeffrey,takisha@hettinger.info,+2584270429198
8105053877089,Donald,wilfredo.parker@wuckert-herman.com,+2996369331944
6901278839082,Kelvin,lyla@hansen-carroll.com,+17584818460684
7805093274186,Mammie,arlen.schulist@cummerata.org,+2319053293025
9208208396184,Jarrod,tyler@beatty.biz,+6891913735274
7910259094087,Berna,dovie_waters@mcdermott.info,+404266349292
0003085507188,Debbra,bernie_lakin@ohara-hettinger.io,+397527177801
9608148813182,Dusty,curt_nader@mclaughlin.co,+319963842622
0201048876183,Lindy,louanne.jakubowski@conn.name,+2165446132884
6111069298080,Theo,donn@nitzsche.org,+3591469718577
7812203851085,Demarcus,elvera@mckenzie-bosco.name,+2325586841139
5904146006182,Gil,marshall_schoen@erdman-ebert.net,+2425359993798
8005267637081,Lynsey,neal@schamberger.org,+4233274758247
8702084326084,Alec,freeman@white.name,+2439771967140
6903082676189,Lauren,robert@funk.co,+6753297659206
7206038301186,Desirae,stephan@marvin.biz,+6755163513330
9410281742181,Sandy,andreas_feest@simonis-hodkiewicz.org,+6817295406474
7102179646085,Jacquiline,joanne@runte.com,+9615434184267
6404288776089,Maria,sharda.grant@kuhlman.co,+26719467202936
6005225098188,Landon,latasha_bednar@hamill.name,+3811886453424
6806045136086,Carol,lindsey@runolfsson-rodriguez.io,+16706756796514
6703034776081,Hyman,lacy@flatley.io,+26411492823252
8003142027081,Forest,raleigh@pacocha.org,+6863800200141
8803283360088,Huong,zachary@durgan-moore.co,+923688601958
0109068636082,Jan,fred@osinski-okon.io,+2426543781994
7003201850184,Lila,bradford@cronin.io,+2605633755129
8906029262185,Chrystal,joe.gerlach@wisozk.io,+17587260479126
8608244479186,Bud,georgina.gutmann@leuschke-upton.io,+818832461139
9709137242084,Neville,art@glover-hills.org,+3871824099157
6604097002185,Norman,trudi.schuppe@rempel.com,+67616588543921
6201179238181,Tuan,deandra.gottlieb@russel-schinner.name,+2655299336608
9509211720181,Miki,roxane_huels@dooley.io,+73332248984
7607238545185,Kirby,shawana_corkery@parisian.org,+5957518594846
7507315334182,Lynwood,van_powlowski@cremin.net,+67412522232237
7002186807185,Araceli,mickey_dickinson@thiel-labadie.net,+96419418998954
9403167481081,Jared,trevor_hettinger@west-buckridge.info,+5993389434821
9812116827188,Allison,evelin@connelly.name,+2541783293456
0303107111187,Jerrell,chi@macgyver.biz,+8094318095951
9506231524189,Velia,eugenio_bogan@johnston-blanda.co,+6821992190616
6811091266084,Clifford,corrinne.treutel@walker.com,+5051734160671
7602157593084,Lizette,kortney@considine.io,+8556527261207
7601032693184,Carmina,odis@strosin.name,+96316412993269
8009157454086,Gennie,herman@predovic-littel.biz,+5071869724912
8610164099184,Neida,gladis@wunsch.name,+2012661277118
9708012674080,Kylie,shyla.wolf@renner-bosco.co,+2523496833792
7601037797188,Wade,faustino_runolfsson@weimann.name,+3586335434854
